{
    "counter": {
        "ACTIVE": 1280,
        "INACTIVE": 344,
        "INVALID": 7,
        "MALICIOUS": 0,
        "SANE": 0,
        "VALID": 0,
        "total": 1631
    },
    "percentage": {
        "ACTIVE": 78.47946045370938,
        "INACTIVE": 21.26081582200247,
        "INVALID": 0.47619047619047616,
        "MALICIOUS": 0,
        "SANE": 0,
        "VALID": 0,
        "total": 100.21646675190233
    }
}