{
    "counter": {
        "ACTIVE": 1224,
        "INACTIVE": 20,
        "INVALID": 0,
        "MALICIOUS": 0,
        "SANE": 0,
        "VALID": 0,
        "total": 1244
    },
    "percentage": {
        "ACTIVE": 98.39228295819936,
        "INACTIVE": 1.6116035455278002,
        "INVALID": 0,
        "MALICIOUS": 0,
        "SANE": 0,
        "VALID": 0,
        "total": 100.00388650372716
    }
}